Category,Object_Name,Vertex_Count
AircraftBuoyant,m1337_rm,5000
AircraftBuoyant,m1338_rm,5000
AircraftBuoyant,m1339_rm,4878
AircraftBuoyant,m1340_rm,5000
AircraftBuoyant,m1341_rm,5000
AircraftBuoyant,m1342_rm,5000
AircraftBuoyant,m1343_rm,5000
AircraftBuoyant,m1344_rm,5000
AircraftBuoyant,m1345_rm,5000
AircraftBuoyant,m1346_rm,5000
AircraftBuoyant,m1347_rm,5000
AircraftBuoyant,m1348_rm,5000
AircraftBuoyant,m1349_rm,5000
AircraftBuoyant,m1350_rm,5000
AircraftBuoyant,m1351_rm,5000
AircraftBuoyant,m1352_rm,5000
Apartment,D00045_rm,9507
Apartment,D00086_rm,5000
Apartment,D00138_rm,5000
Apartment,D00156_rm,5009
Apartment,D00310_rm,5000
Apartment,D00348_rm,5000
Apartment,D00366_rm,5000
Apartment,D00478_rm,8128
Apartment,D00496_rm,4987
Apartment,D00626_rm,9256
Apartment,D00639_rm,5000
Apartment,D00651_rm,5010
Apartment,D00681_rm,9214
Apartment,D00780_rm,5000
Apartment,D00792_rm,5000
Apartment,D00859_rm,5000
Apartment,D00860_rm,8151
Apartment,D00869_rm,5000
Apartment,D00921_rm,5345
Apartment,D00953_rm,5000
Apartment,m463_rm,5000
Apartment,m464_rm,5000
Apartment,m465_rm,5000
AquaticAnimal,m53_rm,5000
AquaticAnimal,m54_rm,5000
AquaticAnimal,m55_rm,5000
AquaticAnimal,m56_rm,5000
AquaticAnimal,m57_rm,5000
AquaticAnimal,m58_rm,5000
AquaticAnimal,m59_rm,4996
AquaticAnimal,m60_rm,5000
AquaticAnimal,m61_rm,5000
AquaticAnimal,m62_rm,5000
AquaticAnimal,m63_rm,5000
AquaticAnimal,m64_rm,5000
AquaticAnimal,m65_rm,5000
AquaticAnimal,m66_rm,5000
AquaticAnimal,m67_rm,5000
AquaticAnimal,m68_rm,5000
AquaticAnimal,m69_rm,5000
AquaticAnimal,m70_rm,5000
AquaticAnimal,m71_rm,5000
AquaticAnimal,m72_rm,5000
AquaticAnimal,m73_rm,5000
AquaticAnimal,m74_rm,5000
AquaticAnimal,m75_rm,5000
AquaticAnimal,m76_rm,5000
AquaticAnimal,m77_rm,5000
AquaticAnimal,m78_rm,5000
AquaticAnimal,m79_rm,5000
AquaticAnimal,m80_rm,5000
AquaticAnimal,m81_rm,4979
Bed,D00031_rm,5000
Bed,D00110_rm,5000
Bed,D00121_rm,5000
Bed,D00184_rm,5000
Bed,D00210_rm,5000
Bed,D00213_rm,4993
Bed,D00217_rm,5000
Bed,D00307_rm,5000
Bed,D00322_rm,5000
Bed,D00417_rm,5000
Bed,D00538_rm,5000
Bed,D00545_rm,5000
Bed,D00552_rm,5000
Bed,D00565_rm,5000
Bed,D00650_rm,5000
Bed,D00735_rm,5000
Bed,D00836_rm,5000
Bed,D00839_rm,5000
Bed,D00969_rm,5000
Bed,D00988_rm,5000
Bed,m945_rm,5000
Bed,m946_rm,5000
Bed,m947_rm,5000
Bed,m948_rm,5000
Bed,m949_rm,5000
Bed,m950_rm,5000
Bed,m951_rm,5000
Bicycle,D00016_rm,5000
Bicycle,D00033_rm,5000
Bicycle,D00040_rm,5473
Bicycle,D00077_rm,5000
Bicycle,D00078_rm,5000
Bicycle,D00462_rm,5000
Bicycle,D00514_rm,5000
Bicycle,D00536_rm,5000
Bicycle,D00555_rm,5000
Bicycle,D00558_rm,5000
Bicycle,D00567_rm,4987
Bicycle,D00621_rm,5000
Bicycle,D00708_rm,5000
Bicycle,D00750_rm,5000
Bicycle,D00838_rm,5000
Bicycle,D00847_rm,5000
Bicycle,D00904_rm,5000
Bicycle,D00930_rm,5000
Bicycle,D00931_rm,5000
Bicycle,D00974_rm,5000
Bicycle,m1472_rm,5000
Bicycle,m1473_rm,5000
Bicycle,m1475_rm,5000
Bicycle,m1476_rm,4988
Bicycle,m1477_rm,5000
Bicycle,m1478_rm,5000
Biplane,D00069_rm,5000
Biplane,D00132_rm,5000
Biplane,D00178_rm,5000
Biplane,D00199_rm,5000
Biplane,D00246_rm,5000
Biplane,D00276_rm,5000
Biplane,D00277_rm,5000
Biplane,D00320_rm,5000
Biplane,D00373_rm,5000
Biplane,D00410_rm,5000
Biplane,D00490_rm,5000
Biplane,D00515_rm,5000
Biplane,D00601_rm,5000
Biplane,D00616_rm,5000
Biplane,D00632_rm,5000
Biplane,D00634_rm,5781
Biplane,D00666_rm,5000
Biplane,D00854_rm,5000
Biplane,D00890_rm,5000
Biplane,D00900_rm,5000
Biplane,m1118_rm,5000
Biplane,m1119_rm,5000
Biplane,m1120_rm,5000
Biplane,m1121_rm,5000
Biplane,m1122_rm,5000
Biplane,m1123_rm,5000
Biplane,m1124_rm,5000
Biplane,m1125_rm,5000
Biplane,m1126_rm,5000
Biplane,m1127_rm,5000
Biplane,m1128_rm,5000
Biplane,m1129_rm,5000
Biplane,m1131_rm,5000
Biplane,m1132_rm,5000
Biplane,m1133_rm,5000
Biplane,m1134_rm,5000
Biplane,m1135_rm,5000
Biplane,m1136_rm,5000
Biplane,m1137_rm,5000
Biplane,m1138_rm,5000
Biplane,m1139_rm,5000
Biplane,m1141_rm,5000
Biplane,m1143_rm,5000
Biplane,m1144_rm,5000
Biplane,m1146_rm,5000
Bird,D00089_rm,5000
Bird,D00113_rm,5000
Bird,D00164_rm,5000
Bird,D00234_rm,5000
Bird,D00271_rm,5000
Bird,D00284_rm,5000
Bird,D00323_rm,5000
Bird,D00386_rm,5000
Bird,D00438_rm,5000
Bird,D00442_rm,5000
Bird,D00546_rm,5000
Bird,D00599_rm,5000
Bird,D00625_rm,5000
Bird,D00689_rm,5000
Bird,D00736_rm,5000
Bird,D00762_rm,5000
Bird,D00862_rm,5000
Bird,D00922_rm,5000
Bird,D00961_rm,5000
Bird,D00999_rm,5000
Bird,m28_rm,5000
Bird,m29_rm,5000
Bird,m30_rm,5000
Bird,m31_rm,5000
Bird,m32_rm,5000
Bird,m33_rm,5000
Bird,m34_rm,5000
Bird,m35_rm,5000
Bird,m36_rm,5000
Bird,m37_rm,5000
Bird,m38_rm,5000
Bird,m39_rm,5000
Bird,m40_rm,5000
Bird,m41_rm,5000
Bird,m42_rm,5000
Bird,m43_rm,4936
Bird,m44_rm,5000
Bird,m45_rm,5000
Bird,m47_rm,5000
Bird,m48_rm,5000
Bird,m49_rm,5000
Bird,m50_rm,5000
Bird,m51_rm,5000
Bird,m52_rm,5000
Bookset,D01009_rm,5000
Bookset,D01013_rm,5000
Bookset,D01030_rm,5000
Bookset,D01038_rm,5000
Bookset,D01042_rm,5000
Bookset,D01050_rm,5000
Bookset,D01065_rm,5000
Bookset,D01078_rm,5000
Bookset,D01096_rm,5000
Bookset,D01108_rm,5000
Bookset,D01109_rm,5000
Bookset,D01110_rm,4954
Bookset,D01122_rm,5000
Bookset,D01135_rm,5000
Bookset,D01146_rm,5000
Bookset,D01182_rm,5000
Bookset,D01183_rm,5000
Bookset,D01184_rm,5000
Bookset,D01190_rm,5000
Bookset,D01199_rm,5000
Bottle,D00020_rm,5000
Bottle,D00123_rm,5000
Bottle,D00139_rm,5000
Bottle,D00166_rm,5000
Bottle,D00176_rm,5000
Bottle,D00208_rm,5000
Bottle,D00281_rm,5000
Bottle,D00311_rm,5000
Bottle,D00347_rm,5000
Bottle,D00350_rm,5000
Bottle,D00390_rm,5000
Bottle,D00451_rm,5000
Bottle,D00679_rm,5000
Bottle,D00696_rm,5000
Bottle,D00711_rm,5000
Bottle,D00716_rm,5000
Bottle,D00726_rm,5000
Bottle,D00892_rm,5000
Bottle,D00940_rm,5000
Bottle,D00959_rm,5000
Bottle,m482_rm,5000
Bottle,m483_rm,5000
Bottle,m484_rm,5000
Bottle,m485_rm,5000
Bottle,m486_rm,5000
Bottle,m487_rm,5000
Bottle,m488_rm,5000
Bottle,m489_rm,5000
Bottle,m490_rm,5000
Bottle,m491_rm,5000
Bottle,m492_rm,5000
BuildingNonResidential,m382_rm,5000
BuildingNonResidential,m383_rm,5000
BuildingNonResidential,m384_rm,5000
BuildingNonResidential,m385_rm,5000
BuildingNonResidential,m386_rm,5000
BuildingNonResidential,m387_rm,4999
BuildingNonResidential,m389_rm,5000
BuildingNonResidential,m390_rm,5000
BuildingNonResidential,m391_rm,5000
BuildingNonResidential,m392_rm,5000
BuildingNonResidential,m393_rm,5000
BuildingNonResidential,m394_rm,5000
BuildingNonResidential,m395_rm,5000
BuildingNonResidential,m396_rm,5000
BuildingNonResidential,m397_rm,5000
BuildingNonResidential,m398_rm,5000
BuildingNonResidential,m399_rm,5000
BuildingNonResidential,m400_rm,5000
BuildingNonResidential,m401_rm,5000
BuildingNonResidential,m402_rm,5000
BuildingNonResidential,m404_rm,5000
BuildingNonResidential,m405_rm,5000
BuildingNonResidential,m406_rm,5000
BuildingNonResidential,m407_rm,5000
BuildingNonResidential,m408_rm,5000
BuildingNonResidential,m409_rm,5000
BuildingNonResidential,m410_rm,5000
BuildingNonResidential,m412_rm,5000
BuildingNonResidential,m413_rm,5000
BuildingNonResidential,m414_rm,5000
BuildingNonResidential,m415_rm,5000
BuildingNonResidential,m416_rm,5000
BuildingNonResidential,m418_rm,5000
BuildingNonResidential,m420_rm,5000
BuildingNonResidential,m421_rm,5000
BuildingNonResidential,m470_rm,5000
BuildingNonResidential,m471_rm,5000
BuildingNonResidential,m472_rm,5000
BuildingNonResidential,m474_rm,5000
BuildingNonResidential,m475_rm,5000
BuildingNonResidential,m477_rm,5000
BuildingNonResidential,m478_rm,5000
BuildingNonResidential,m479_rm,5000
BuildingNonResidential,m481_rm,5000
Bus,D00084_rm,5000
Bus,D00114_rm,5000
Bus,D00151_rm,5000
Bus,D00179_rm,4592
Bus,D00182_rm,6440
Bus,D00264_rm,5000
Bus,D00411_rm,5000
Bus,D00436_rm,5000
Bus,D00446_rm,5000
Bus,D00448_rm,5000
Bus,D00483_rm,5000
Bus,D00516_rm,5000
Bus,D00677_rm,5000
Bus,D00754_rm,5000
Bus,D00769_rm,5000
Bus,D00775_rm,5000
Bus,D00815_rm,5000
Bus,D00823_rm,5000
Bus,D00832_rm,5000
Bus,D00857_rm,5000
Car,D00168_rm,5000
Car,D00236_rm,9164
Car,D00260_rm,14830
Car,D00265_rm,5000
Car,D00299_rm,5000
Car,D00377_rm,5000
Car,D00405_rm,5000
Car,D00452_rm,5000
Car,D00504_rm,5000
Car,D00541_rm,5000
Car,D00618_rm,5000
Car,D00670_rm,5000
Car,D00671_rm,5000
Car,D00724_rm,5540
Car,D00767_rm,5000
Car,D00785_rm,5000
Car,D00793_rm,5000
Car,D00803_rm,5000
Car,D00865_rm,5000
Car,D00976_rm,5000
Car,m1485_rm,5000
Car,m1486_rm,5000
Car,m1487_rm,5000
Car,m1488_rm,5000
Car,m1489_rm,5000
Car,m1490_rm,5000
Car,m1492_rm,5000
Car,m1495_rm,5000
Car,m1496_rm,5000
Car,m1497_rm,5000
Car,m1498_rm,5000
Car,m1499_rm,5000
Car,m1500_rm,5000
Car,m1502_rm,5000
Car,m1503_rm,5000
Car,m1504_rm,5000
Car,m1505_rm,5000
Car,m1506_rm,5000
Car,m1507_rm,5000
Car,m1508_rm,5000
Car,m1509_rm,4999
Car,m1510_rm,5000
Car,m1511_rm,5000
Car,m1512_rm,5000
Car,m1513_rm,5656
Car,m1514_rm,5000
Car,m1515_rm,5000
Car,m1516_rm,5000
Car,m1517_rm,5000
Car,m1518_rm,5000
Car,m1519_rm,5000
Car,m1521_rm,5000
Car,m1522_rm,5000
Car,m1523_rm,5000
Car,m1524_rm,5000
Car,m1525_rm,5000
Car,m1526_rm,5000
Car,m1527_rm,5000
Car,m1528_rm,5000
Car,m1529_rm,5000
Car,m1530_rm,5000
Car,m1531_rm,5000
Car,m1532_rm,5000
Car,m1533_rm,5000
Car,m1535_rm,5000
Car,m1536_rm,5000
Car,m1538_rm,5000
Car,m1539_rm,5000
Car,m1540_rm,5000
Car,m1542_rm,5000
Car,m1543_rm,5000
Car,m1544_rm,8189
Car,m1545_rm,5000
Car,m1546_rm,5000
Car,m1547_rm,5000
Car,m1548_rm,5000
Car,m1550_rm,5000
Car,m1551_rm,5000
Car,m1552_rm,5000
Car,m1553_rm,5000
Car,m1555_rm,5000
Car,m1556_rm,10553
Car,m1557_rm,5000
Car,m1558_rm,5000
Car,m1559_rm,5000
Car,m1560_rm,5000
Car,m1561_rm,5000
Car,m1562_rm,5000
Car,m1563_rm,5000
Cellphone,D00018_rm,5000
Cellphone,D00032_rm,5000
Cellphone,D00079_rm,5000
Cellphone,D00152_rm,5000
Cellphone,D00192_rm,5000
Cellphone,D00248_rm,5000
Cellphone,D00312_rm,5000
Cellphone,D00327_rm,5000
Cellphone,D00362_rm,5000
Cellphone,D00369_rm,5000
Cellphone,D00440_rm,5000
Cellphone,D00527_rm,5440
Cellphone,D00542_rm,5000
Cellphone,D00554_rm,5000
Cellphone,D00559_rm,4737
Cellphone,D00817_rm,5000
Cellphone,D00848_rm,5000
Cellphone,D00902_rm,5000
Cellphone,D00979_rm,4682
Cellphone,D00997_rm,5000
Chess,D01017_rm,5000
Chess,D01019_rm,5000
Chess,D01021_rm,5000
Chess,D01043_rm,5000
Chess,D01045_rm,5000
Chess,D01049_rm,5000
Chess,D01053_rm,5000
Chess,D01080_rm,5000
Chess,D01081_rm,5000
Chess,D01099_rm,5000
Chess,D01105_rm,5000
Chess,D01112_rm,5000
Chess,D01123_rm,5000
Chess,D01126_rm,5000
Chess,D01130_rm,5000
Chess,D01138_rm,5000
Chess,D01145_rm,5000
Chess,D01171_rm,5000
Chess,D01186_rm,5000
Chess,D01188_rm,5000
Chess,m1589_rm,5000
Chess,m1591_rm,5000
Chess,m1593_rm,5000
Chess,m1595_rm,5000
Chess,m1596_rm,5000
Chess,m1598_rm,5000
Chess,m1599_rm,5000
Chess,m1600_rm,5000
Chess,m1601_rm,5000
Chess,m1602_rm,5000
Chess,m1603_rm,5000
Chess,m1604_rm,5000
Chess,m1605_rm,5000
Chess,m1606_rm,5000
Chess,m1607_rm,5000
Chess,m1608_rm,5000
Chess,m1609_rm,5000
Chess,m1610_rm,5000
Chess,m1611_rm,5000
Chess,m1612_rm,5000
Chess,m1613_rm,5000
Chess,m1614_rm,5000
City,D01001_rm,5510
City,D01007_rm,5000
City,D01010_rm,5000
City,D01018_rm,5000
City,D01039_rm,5000
City,D01056_rm,5000
City,D01066_rm,5000
City,D01068_rm,5000
City,D01079_rm,5000
City,D01090_rm,5000
City,D01091_rm,5000
City,D01092_rm,5000
City,D01101_rm,19223
City,D01103_rm,4894
City,D01124_rm,5000
City,D01133_rm,5000
City,D01173_rm,5000
City,D01181_rm,6268
City,D01192_rm,13072
City,D01195_rm,14052
City,m1652_rm,4898
City,m1654_rm,5000
City,m1659_rm,5000
City,m1660_rm,5000
City,m1661_rm,5000
City,m1662_rm,5000
City,m1664_rm,5000
ClassicPiano,D00005_rm,5000
ClassicPiano,D00009_rm,5000
ClassicPiano,D00034_rm,5000
ClassicPiano,D00092_rm,5000
ClassicPiano,D00120_rm,5000
ClassicPiano,D00190_rm,5000
ClassicPiano,D00233_rm,5000
ClassicPiano,D00254_rm,5000
ClassicPiano,D00279_rm,5000
ClassicPiano,D00305_rm,5000
ClassicPiano,D00314_rm,5000
ClassicPiano,D00561_rm,5000
ClassicPiano,D00579_rm,5000
ClassicPiano,D00605_rm,5000
ClassicPiano,D00784_rm,5000
ClassicPiano,D00789_rm,5000
ClassicPiano,D00811_rm,5000
ClassicPiano,D00845_rm,5000
ClassicPiano,D00967_rm,5000
ClassicPiano,D00983_rm,5000
Computer,D01002_rm,5000
Computer,D01023_rm,5000
Computer,D01026_rm,5000
Computer,D01028_rm,5000
Computer,D01033_rm,5000
Computer,D01037_rm,5000
Computer,D01067_rm,5000
Computer,D01070_rm,5000
Computer,D01071_rm,5000
Computer,D01072_rm,5000
Computer,D01073_rm,5000
Computer,D01082_rm,5000
Computer,D01085_rm,5000
Computer,D01098_rm,5000
Computer,D01100_rm,5000
Computer,D01102_rm,5000
Computer,D01115_rm,5000
Computer,D01128_rm,5000
Computer,D01164_rm,5000
Computer,D01185_rm,5000
Computer,m1764_rm,5000
Computer,m1765_rm,5000
Computer,m1766_rm,5000
Computer,m1767_rm,5000
Computer,m1769_rm,5000
Computer,m1770_rm,5000
Computer,m1772_rm,5000
Computer,m1773_rm,5000
Computer,m1774_rm,5000
Computer,m1775_rm,5000
Computer,m1776_rm,5000
Computer,m1777_rm,5000
Computer,m1778_rm,5000
ComputerKeyboard,D00116_rm,5000
ComputerKeyboard,D00127_rm,5000
ComputerKeyboard,D00197_rm,5000
ComputerKeyboard,D00278_rm,5000
ComputerKeyboard,D00360_rm,5000
ComputerKeyboard,D00382_rm,5000
ComputerKeyboard,D00420_rm,5000
ComputerKeyboard,D00493_rm,5000
ComputerKeyboard,D00525_rm,7639
ComputerKeyboard,D00569_rm,5000
ComputerKeyboard,D00597_rm,5000
ComputerKeyboard,D00600_rm,5000
ComputerKeyboard,D00627_rm,5000
ComputerKeyboard,D00654_rm,5000
ComputerKeyboard,D00673_rm,5000
ComputerKeyboard,D00676_rm,5000
ComputerKeyboard,D00692_rm,5000
ComputerKeyboard,D00805_rm,5000
ComputerKeyboard,D00905_rm,5000
ComputerKeyboard,D00990_rm,5000
Cup,D00035_rm,5000
Cup,D00067_rm,5000
Cup,D00174_rm,5000
Cup,D00206_rm,5000
Cup,D00214_rm,5000
Cup,D00270_rm,5000
Cup,D00328_rm,5000
Cup,D00355_rm,5000
Cup,D00363_rm,5000
Cup,D00457_rm,5000
Cup,D00463_rm,5000
Cup,D00519_rm,5000
Cup,D00550_rm,5000
Cup,D00587_rm,5000
Cup,D00638_rm,5000
Cup,D00642_rm,5000
Cup,D00738_rm,5000
Cup,D00843_rm,5000
Cup,D00874_rm,5000
Cup,D00882_rm,5000
Cup,m494_rm,5000
Cup,m495_rm,5000
Cup,m496_rm,5000
Cup,m497_rm,5000
Cup,m498_rm,5000
Cup,m499_rm,5000
Cup,m500_rm,5000
Cup,m501_rm,5000
Cup,m502_rm,5000
Cup,m526_rm,5000
DeskLamp,D00048_rm,5000
DeskLamp,D00090_rm,5000
DeskLamp,D00147_rm,5000
DeskLamp,D00257_rm,5000
DeskLamp,D00268_rm,5000
DeskLamp,D00330_rm,5000
DeskLamp,D00378_rm,5000
DeskLamp,D00435_rm,5000
DeskLamp,D00455_rm,5000
DeskLamp,D00531_rm,5000
DeskLamp,D00547_rm,5000
DeskLamp,D00686_rm,5000
DeskLamp,D00693_rm,5000
DeskLamp,D00698_rm,1469
DeskLamp,D00715_rm,5000
DeskLamp,D00744_rm,5176
DeskLamp,D00759_rm,5000
DeskLamp,D00776_rm,5000
DeskLamp,D00797_rm,5000
DeskLamp,D00912_rm,5000
DeskLamp,m603_rm,5000
DeskLamp,m604_rm,5000
DeskLamp,m605_rm,5000
DeskLamp,m606_rm,5000
DeskLamp,m608_rm,5000
DeskLamp,m609_rm,5000
DeskLamp,m611_rm,5000
DeskLamp,m613_rm,5000
DeskLamp,m614_rm,4996
DeskLamp,m615_rm,5000
DeskLamp,m616_rm,5000
DeskPhone,D00118_rm,5000
DeskPhone,D00135_rm,5000
DeskPhone,D00154_rm,5000
DeskPhone,D00220_rm,5000
DeskPhone,D00316_rm,5000
DeskPhone,D00318_rm,5000
DeskPhone,D00403_rm,5000
DeskPhone,D00486_rm,5000
DeskPhone,D00511_rm,5000
DeskPhone,D00556_rm,5000
DeskPhone,D00576_rm,5000
DeskPhone,D00680_rm,5000
DeskPhone,D00706_rm,34515
DeskPhone,D00773_rm,5000
DeskPhone,D00829_rm,5000
DeskPhone,D00894_rm,5000
DeskPhone,D00897_rm,5000
DeskPhone,D00899_rm,5000
DeskPhone,D00957_rm,5000
DeskPhone,D00958_rm,6680
Door,D01005_rm,5000
Door,D01029_rm,5000
Door,D01052_rm,5000
Door,D01058_rm,5000
Door,D01062_rm,5000
Door,D01076_rm,13753
Door,D01104_rm,5000
Door,D01114_rm,5000
Door,D01121_rm,5000
Door,D01129_rm,5000
Door,D01136_rm,5000
Door,D01139_rm,5000
Door,D01141_rm,5000
Door,D01143_rm,5000
Door,D01144_rm,5000
Door,D01155_rm,5000
Door,D01158_rm,4996
Door,D01167_rm,5000
Door,D01177_rm,5000
Door,D01194_rm,5000
Door,m1707_rm,5000
Door,m1708_rm,5000
Door,m1710_rm,5000
Door,m1711_rm,5000
Door,m1712_rm,13834
Door,m1713_rm,5000
Door,m1714_rm,5000
Door,m1715_rm,5000
Door,m1716_rm,5000
Door,m1717_rm,5000
Door,m1718_rm,5000
Door,m1720_rm,5000
Door,m1721_rm,4995
Door,m1722_rm,5000
Door,m1723_rm,5000
Door,m1724_rm,5000
Door,m1725_rm,4948
Door,m1726_rm,5000
Door,m1727_rm,5000
Door,m1728_rm,5000
Door,m1729_rm,5000
Door,m1730_rm,5000
Door,m1731_rm,10636
Door,m1732_rm,5000
Drum,D00026_rm,5000
Drum,D00063_rm,5000
Drum,D00115_rm,5000
Drum,D00163_rm,5395
Drum,D00189_rm,5000
Drum,D00193_rm,5000
Drum,D00297_rm,5000
Drum,D00298_rm,5000
Drum,D00308_rm,5000
Drum,D00375_rm,5000
Drum,D00383_rm,5000
Drum,D00404_rm,5000
Drum,D00551_rm,5000
Drum,D00557_rm,5000
Drum,D00596_rm,5000
Drum,D00709_rm,5000
Drum,D00939_rm,5000
Drum,D00951_rm,5000
Drum,D00980_rm,5000
Drum,D00982_rm,5000
Fish,D00012_rm,5000
Fish,D00022_rm,5000
Fish,D00024_rm,5000
Fish,D00030_rm,5000
Fish,D00142_rm,5000
Fish,D00165_rm,5000
Fish,D00251_rm,5000
Fish,D00293_rm,5000
Fish,D00351_rm,5000
Fish,D00398_rm,5000
Fish,D00450_rm,5000
Fish,D00535_rm,5000
Fish,D00633_rm,5000
Fish,D00636_rm,5000
Fish,D00643_rm,5000
Fish,D00682_rm,5000
Fish,D00748_rm,5000
Fish,D00763_rm,5000
Fish,D00850_rm,5000
Fish,D00950_rm,5000
FloorLamp,D00028_rm,5000
FloorLamp,D00093_rm,5000
FloorLamp,D00186_rm,5000
FloorLamp,D00211_rm,5000
FloorLamp,D00228_rm,5000
FloorLamp,D00388_rm,5000
FloorLamp,D00400_rm,5000
FloorLamp,D00408_rm,5000
FloorLamp,D00447_rm,5000
FloorLamp,D00495_rm,5000
FloorLamp,D00563_rm,5000
FloorLamp,D00580_rm,5000
FloorLamp,D00740_rm,5000
FloorLamp,D00856_rm,5000
FloorLamp,D00875_rm,5000
FloorLamp,D00876_rm,5000
FloorLamp,D00888_rm,5000
FloorLamp,D00924_rm,5000
FloorLamp,D00955_rm,5000
FloorLamp,D00981_rm,5000
FloorLamp,m617_rm,5000
FloorLamp,m618_rm,5000
FloorLamp,m619_rm,5000
FloorLamp,m620_rm,5000
FloorLamp,m621_rm,5000
FloorLamp,m622_rm,5000
FloorLamp,m623_rm,5000
FloorLamp,m624_rm,5000
Glasses,D00050_rm,5000
Glasses,D00201_rm,5000
Glasses,D00225_rm,5000
Glasses,D00432_rm,5000
Glasses,D00475_rm,5000
Glasses,D00507_rm,5000
Glasses,D00560_rm,5000
Glasses,D00575_rm,5000
Glasses,D00630_rm,5000
Glasses,D00640_rm,5000
Glasses,D00656_rm,5000
Glasses,D00660_rm,5000
Glasses,D00717_rm,5000
Glasses,D00730_rm,5000
Glasses,D00813_rm,5000
Glasses,D00816_rm,5000
Glasses,D00877_rm,5000
Glasses,D00883_rm,5000
Glasses,D00937_rm,5000
Glasses,D00994_rm,5000
Guitar,D00023_rm,5000
Guitar,D00041_rm,5000
Guitar,D00076_rm,5000
Guitar,D00097_rm,5000
Guitar,D00124_rm,5000
Guitar,D00222_rm,5000
Guitar,D00232_rm,5000
Guitar,D00335_rm,5000
Guitar,D00374_rm,5000
Guitar,D00414_rm,5000
Guitar,D00416_rm,5000
Guitar,D00461_rm,5000
Guitar,D00464_rm,5000
Guitar,D00494_rm,5000
Guitar,D00534_rm,5000
Guitar,D00549_rm,5000
Guitar,D00645_rm,5000
Guitar,D00655_rm,5000
Guitar,D00844_rm,5000
Guitar,D00849_rm,5000
Gun,D00103_rm,5000
Gun,D00137_rm,5000
Gun,D00140_rm,5000
Gun,D00153_rm,5000
Gun,D00161_rm,5000
Gun,D00204_rm,5000
Gun,D00207_rm,5000
Gun,D00209_rm,5000
Gun,D00239_rm,5000
Gun,D00244_rm,5000
Gun,D00282_rm,5000
Gun,D00368_rm,5000
Gun,D00425_rm,5000
Gun,D00477_rm,5000
Gun,D00606_rm,5000
Gun,D00802_rm,5000
Gun,D00819_rm,5000
Gun,D00826_rm,5000
Gun,D00929_rm,5000
Gun,D00972_rm,5000
Gun,m648_rm,5000
Gun,m649_rm,5000
Gun,m650_rm,5000
Gun,m651_rm,5000
Gun,m652_rm,5000
Gun,m653_rm,5000
Gun,m654_rm,5000
Gun,m655_rm,5000
Gun,m656_rm,5000
Gun,m657_rm,5000
Gun,m658_rm,5000
Gun,m659_rm,5000
Gun,m660_rm,5000
Gun,m661_rm,5000
Gun,m662_rm,5000
Gun,m663_rm,5000
Gun,m664_rm,5000
Gun,m665_rm,5000
Gun,m666_rm,5000
Gun,m667_rm,5000
Gun,m668_rm,5000
Gun,m669_rm,5000
Gun,m670_rm,5000
Gun,m671_rm,5000
Gun,m672_rm,5000
Gun,m674_rm,5000
Gun,m675_rm,5000
Gun,m676_rm,5000
Gun,m677_rm,5000
Gun,m678_rm,5000
Gun,m679_rm,5000
Gun,m680_rm,5000
Gun,m681_rm,5000
Gun,m682_rm,5000
Gun,m683_rm,5000
Gun,m684_rm,5000
Gun,m685_rm,5000
Gun,m686_rm,5000
Hand,D01006_rm,5000
Hand,D01020_rm,5000
Hand,D01022_rm,5000
Hand,D01024_rm,5000
Hand,D01041_rm,5000
Hand,D01060_rm,5000
Hand,D01074_rm,5000
Hand,D01093_rm,5000
Hand,D01097_rm,5000
Hand,D01106_rm,5000
Hand,D01117_rm,5000
Hand,D01118_rm,5000
Hand,D01153_rm,5000
Hand,D01162_rm,5000
Hand,D01170_rm,5000
Hand,D01172_rm,5000
Hand,D01193_rm,5000
Hand,D01197_rm,5000
Hand,D01198_rm,5000
Hand,D01200_rm,5000
Hand,m323_rm,5000
Hand,m324_rm,5000
Hand,m325_rm,5000
Hand,m326_rm,5000
Hand,m327_rm,5000
Hand,m328_rm,5000
Hand,m329_rm,5000
Hand,m330_rm,5000
Hand,m331_rm,5000
Hand,m332_rm,5000
Hand,m333_rm,5000
Hand,m334_rm,5000
Hand,m335_rm,5000
Hand,m336_rm,5000
Hand,m337_rm,5000
Hand,m338_rm,5000
Hand,m339_rm,5000
Hat,m1627_rm,5000
Hat,m1628_rm,5000
Hat,m1629_rm,5000
Hat,m1630_rm,5000
Hat,m1631_rm,5000
Hat,m1632_rm,5000
Hat,m1633_rm,5000
Hat,m1634_rm,5000
Hat,m1635_rm,5000
Hat,m1636_rm,5000
Hat,m1637_rm,5000
Hat,m1638_rm,4994
Hat,m1639_rm,5000
Hat,m1640_rm,5000
Hat,m1641_rm,5000
Helicopter,D00038_rm,5000
Helicopter,D00191_rm,5000
Helicopter,D00361_rm,5000
Helicopter,D00397_rm,5000
Helicopter,D00423_rm,5000
Helicopter,D00470_rm,5000
Helicopter,D00471_rm,5000
Helicopter,D00473_rm,5000
Helicopter,D00498_rm,4876
Helicopter,D00500_rm,5000
Helicopter,D00502_rm,5000
Helicopter,D00644_rm,5000
Helicopter,D00658_rm,5000
Helicopter,D00751_rm,5000
Helicopter,D00796_rm,5000
Helicopter,D00820_rm,5000
Helicopter,D00868_rm,5000
Helicopter,D00977_rm,5000
Helicopter,D00986_rm,5000
Helicopter,D00991_rm,5000
Helicopter,m1302_rm,5000
Helicopter,m1304_rm,5000
Helicopter,m1305_rm,5000
Helicopter,m1306_rm,5000
Helicopter,m1307_rm,5000
Helicopter,m1308_rm,5000
Helicopter,m1309_rm,5000
Helicopter,m1310_rm,5000
Helicopter,m1311_rm,5000
Helicopter,m1312_rm,5000
Helicopter,m1313_rm,5000
Helicopter,m1314_rm,4981
Helicopter,m1315_rm,5000
Helicopter,m1316_rm,5000
Helicopter,m1317_rm,5000
Helicopter,m1318_rm,5000
Helicopter,m1319_rm,5000
Helicopter,m1320_rm,5000
Helicopter,m1321_rm,5000
Helicopter,m1322_rm,5000
Helicopter,m1323_rm,5000
Helicopter,m1325_rm,5000
Helicopter,m1326_rm,5000
Helicopter,m1327_rm,5000
Helicopter,m1328_rm,4997
Helicopter,m1329_rm,5000
Helicopter,m1330_rm,5000
Helicopter,m1332_rm,5000
Helicopter,m1333_rm,5000
Helicopter,m1334_rm,5000
Helicopter,m1336_rm,5000
House,D00001_rm,17553
House,D00044_rm,5000
House,D00091_rm,5000
House,D00095_rm,5000
House,D00286_rm,15386
House,D00325_rm,5000
House,D00359_rm,16505
House,D00389_rm,19619
House,D00415_rm,5000
House,D00454_rm,5000
House,D00568_rm,5000
House,D00574_rm,10956
House,D00665_rm,5000
House,D00873_rm,5000
House,D00889_rm,5000
House,D00901_rm,14148
House,D00903_rm,18701
House,D00941_rm,5000
House,D00946_rm,5000
House,D00965_rm,5000
House,m423_rm,5000
House,m429_rm,5000
House,m430_rm,5000
House,m431_rm,5000
House,m432_rm,5000
House,m433_rm,5000
House,m434_rm,5000
House,m435_rm,5000
House,m436_rm,5000
House,m439_rm,5000
House,m440_rm,15316
House,m441_rm,4976
House,m443_rm,5000
House,m446_rm,10387
House,m447_rm,5000
House,m448_rm,5000
House,m449_rm,5000
House,m451_rm,5000
House,m452_rm,4997
House,m453_rm,4918
House,m454_rm,5000
House,m456_rm,5000
House,m457_rm,5000
House,m460_rm,5000
House,m461_rm,5000
House,m462_rm,5000
HumanHead,D00013_rm,5000
HumanHead,D00061_rm,5000
HumanHead,D00072_rm,5000
HumanHead,D00106_rm,5000
HumanHead,D00131_rm,5000
HumanHead,D00205_rm,5000
HumanHead,D00313_rm,5000
HumanHead,D00434_rm,5000
HumanHead,D00487_rm,5000
HumanHead,D00488_rm,5000
HumanHead,D00566_rm,5000
HumanHead,D00578_rm,5000
HumanHead,D00591_rm,5000
HumanHead,D00610_rm,5000
HumanHead,D00629_rm,5000
HumanHead,D00653_rm,5000
HumanHead,D00690_rm,5000
HumanHead,D00758_rm,5000
HumanHead,D00910_rm,5000
HumanHead,D00984_rm,5000
HumanHead,m340_rm,5000
HumanHead,m341_rm,5000
HumanHead,m342_rm,5000
HumanHead,m343_rm,5000
HumanHead,m344_rm,5000
HumanHead,m345_rm,5000
HumanHead,m346_rm,5000
HumanHead,m347_rm,5000
HumanHead,m348_rm,5000
HumanHead,m349_rm,5000
HumanHead,m350_rm,5000
HumanHead,m351_rm,5000
HumanHead,m352_rm,5000
HumanHead,m353_rm,5000
HumanHead,m354_rm,5000
HumanHead,m355_rm,5000
HumanHead,m356_rm,5000
HumanHead,m357_rm,5000
HumanHead,m358_rm,5000
HumanHead,m359_rm,5000
HumanHead,m360_rm,5000
HumanHead,m361_rm,5000
HumanHead,m362_rm,5000
HumanHead,m363_rm,5000
HumanHead,m364_rm,5000
HumanHead,m365_rm,5000
HumanHead,m366_rm,5000
HumanHead,m367_rm,5000
HumanHead,m368_rm,5000
HumanHead,m369_rm,5000
HumanHead,m370_rm,5000
Humanoid,m118_rm,5000
Humanoid,m119_rm,5000
Humanoid,m120_rm,5000
Humanoid,m121_rm,5000
Humanoid,m122_rm,5000
Humanoid,m123_rm,5000
Humanoid,m124_rm,5000
Humanoid,m125_rm,5000
Humanoid,m126_rm,5000
Humanoid,m128_rm,5000
Humanoid,m129_rm,4601
Humanoid,m130_rm,5000
Humanoid,m131_rm,5000
Humanoid,m132_rm,5000
Humanoid,m133_rm,5000
Humanoid,m134_rm,5000
Humanoid,m135_rm,5000
Humanoid,m136_rm,5000
Humanoid,m137_rm,5000
Humanoid,m138_rm,5000
Humanoid,m139_rm,5000
Humanoid,m140_rm,5000
Humanoid,m141_rm,5000
Humanoid,m143_rm,5000
Humanoid,m144_rm,5000
Humanoid,m145_rm,5000
Humanoid,m146_rm,5000
Humanoid,m147_rm,5000
Humanoid,m148_rm,5000
Humanoid,m149_rm,5000
Humanoid,m150_rm,5000
Humanoid,m151_rm,5000
Humanoid,m152_rm,5000
Humanoid,m153_rm,5000
Humanoid,m154_rm,5000
Humanoid,m155_rm,5000
Humanoid,m156_rm,5000
Humanoid,m157_rm,5000
Humanoid,m158_rm,5000
Humanoid,m159_rm,5000
Humanoid,m160_rm,5000
Humanoid,m161_rm,5000
Humanoid,m162_rm,5000
Humanoid,m163_rm,5000
Humanoid,m164_rm,5000
Humanoid,m165_rm,5000
Humanoid,m166_rm,5000
Humanoid,m167_rm,5000
Humanoid,m168_rm,5000
Humanoid,m169_rm,5000
Humanoid,m170_rm,5000
Humanoid,m171_rm,5000
Humanoid,m172_rm,5000
Humanoid,m173_rm,5000
Humanoid,m174_rm,5000
Humanoid,m175_rm,5000
Humanoid,m176_rm,5000
Humanoid,m177_rm,5000
Humanoid,m178_rm,5000
Humanoid,m179_rm,5000
Humanoid,m180_rm,5000
Humanoid,m181_rm,5000
Humanoid,m182_rm,5000
Humanoid,m183_rm,5000
Humanoid,m184_rm,5000
Humanoid,m185_rm,5000
Humanoid,m186_rm,5000
Humanoid,m187_rm,5000
Humanoid,m188_rm,5000
Humanoid,m189_rm,5000
Humanoid,m190_rm,5000
Humanoid,m191_rm,5000
Humanoid,m192_rm,5000
Humanoid,m193_rm,5000
Humanoid,m194_rm,5000
Humanoid,m195_rm,5000
Humanoid,m196_rm,5000
Humanoid,m197_rm,5000
Humanoid,m198_rm,5000
Humanoid,m199_rm,5000
Humanoid,m202_rm,5000
Humanoid,m203_rm,5000
Humanoid,m204_rm,5000
Humanoid,m205_rm,5000
Humanoid,m206_rm,5000
Humanoid,m207_rm,5000
Humanoid,m208_rm,5000
Humanoid,m210_rm,5000
Humanoid,m211_rm,5000
Humanoid,m212_rm,5000
Humanoid,m213_rm,5000
Humanoid,m214_rm,5000
Humanoid,m215_rm,5000
Humanoid,m216_rm,5000
Humanoid,m217_rm,5000
Humanoid,m218_rm,5000
Humanoid,m219_rm,4791
Humanoid,m220_rm,5000
Humanoid,m221_rm,5000
Humanoid,m222_rm,5000
Humanoid,m223_rm,5000
Humanoid,m224_rm,5000
Humanoid,m226_rm,5000
Humanoid,m227_rm,5000
Humanoid,m228_rm,5000
Humanoid,m229_rm,5000
Humanoid,m230_rm,5000
Humanoid,m231_rm,5000
Humanoid,m232_rm,5000
Humanoid,m233_rm,5000
Humanoid,m234_rm,5000
Humanoid,m235_rm,5000
Humanoid,m236_rm,5000
Humanoid,m237_rm,5000
Humanoid,m238_rm,5000
Humanoid,m239_rm,5000
Humanoid,m240_rm,5000
Humanoid,m241_rm,5000
Humanoid,m242_rm,5000
Humanoid,m243_rm,5000
Humanoid,m244_rm,5000
Humanoid,m245_rm,5000
Humanoid,m246_rm,5000
Humanoid,m248_rm,5000
Humanoid,m249_rm,5000
Humanoid,m250_rm,5000
Humanoid,m251_rm,5000
Humanoid,m252_rm,5000
Humanoid,m253_rm,5000
Humanoid,m254_rm,5000
Humanoid,m255_rm,5000
Humanoid,m256_rm,5000
Humanoid,m257_rm,5000
Humanoid,m258_rm,5000
Humanoid,m259_rm,5000
Humanoid,m260_rm,5000
Humanoid,m261_rm,5000
Humanoid,m262_rm,5000
Humanoid,m263_rm,5000
Humanoid,m264_rm,5000
Humanoid,m265_rm,5000
Humanoid,m266_rm,5000
Insect,D00081_rm,5000
Insect,D00082_rm,5000
Insect,D00102_rm,5000
Insect,D00109_rm,5000
Insect,D00117_rm,5000
Insect,D00136_rm,5000
Insect,D00160_rm,5000
Insect,D00180_rm,5000
Insect,D00231_rm,5000
Insect,D00291_rm,5000
Insect,D00294_rm,5000
Insect,D00309_rm,5000
Insect,D00315_rm,5000
Insect,D00333_rm,5000
Insect,D00399_rm,5000
Insect,D00430_rm,5000
Insect,D00510_rm,5000
Insect,D00590_rm,5000
Insect,D00615_rm,5000
Insect,D00662_rm,5000
Insect,D00668_rm,5000
Insect,D00672_rm,5000
Insect,D00695_rm,5000
Insect,D00713_rm,5000
Insect,D00732_rm,5000
Insect,D00734_rm,5000
Insect,D00746_rm,5000
Insect,D00752_rm,5000
Insect,D00753_rm,5000
Insect,D00774_rm,5000
Insect,D00786_rm,5000
Insect,D00787_rm,5000
Insect,D00788_rm,5000
Insect,D00806_rm,5000
Insect,D00814_rm,5000
Insect,D00855_rm,5000
Insect,D00884_rm,5000
Insect,D00895_rm,5000
Insect,D00973_rm,5000
Insect,D00989_rm,5000
Insect,m0_rm,5000
Insect,m10_rm,5000
Insect,m11_rm,5000
Insect,m12_rm,5000
Insect,m13_rm,5000
Insect,m14_rm,5000
Insect,m15_rm,5000
Insect,m16_rm,5000
Insect,m17_rm,5000
Insect,m18_rm,5000
Insect,m19_rm,5000
Insect,m1_rm,5000
Insect,m20_rm,5000
Insect,m21_rm,5000
Insect,m22_rm,5000
Insect,m23_rm,5000
Insect,m24_rm,5000
Insect,m25_rm,5000
Insect,m26_rm,5000
Insect,m2_rm,5000
Insect,m3_rm,5000
Insect,m4_rm,5000
Insect,m6_rm,5000
Insect,m7_rm,5000
Insect,m8_rm,5000
Insect,m9_rm,5000
Jet,m1147_rm,5000
Jet,m1149_rm,5000
Jet,m1150_rm,5000
Jet,m1151_rm,5000
Jet,m1152_rm,5000
Jet,m1153_rm,5000
Jet,m1154_rm,5000
Jet,m1155_rm,5000
Jet,m1156_rm,5000
Jet,m1157_rm,5000
Jet,m1158_rm,5000
Jet,m1159_rm,5000
Jet,m1161_rm,5000
Jet,m1162_rm,5000
Jet,m1163_rm,5000
Jet,m1165_rm,5000
Jet,m1166_rm,5000
Jet,m1167_rm,5000
Jet,m1168_rm,5000
Jet,m1169_rm,5000
Jet,m1171_rm,5000
Jet,m1172_rm,5000
Jet,m1173_rm,5000
Jet,m1174_rm,5000
Jet,m1175_rm,5000
Jet,m1176_rm,5000
Jet,m1177_rm,5000
Jet,m1178_rm,5000
Jet,m1179_rm,5000
Jet,m1180_rm,5000
Jet,m1181_rm,5000
Jet,m1182_rm,5000
Jet,m1183_rm,5000
Jet,m1184_rm,5000
Jet,m1185_rm,5000
Jet,m1187_rm,5000
Jet,m1188_rm,5000
Jet,m1190_rm,5000
Jet,m1191_rm,5000
Jet,m1193_rm,5000
Jet,m1194_rm,5000
Jet,m1195_rm,5000
Jet,m1196_rm,5000
Jet,m1197_rm,5000
Jet,m1198_rm,5000
Jet,m1199_rm,5000
Jet,m1200_rm,5000
Jet,m1201_rm,5000
Jet,m1202_rm,5000
Jet,m1204_rm,5000
Jet,m1205_rm,5000
Jet,m1207_rm,5000
Jet,m1208_rm,5000
Jet,m1209_rm,5000
Jet,m1210_rm,5000
Jet,m1211_rm,5000
Jet,m1212_rm,5000
Jet,m1213_rm,5000
Jet,m1214_rm,5000
Jet,m1215_rm,5000
Jet,m1216_rm,5000
Jet,m1217_rm,5000
Jet,m1218_rm,5000
Jet,m1219_rm,5000
Jet,m1220_rm,5000
Jet,m1221_rm,5000
Jet,m1222_rm,5000
Jet,m1223_rm,5000
Jet,m1224_rm,5000
Jet,m1225_rm,5000
Jet,m1226_rm,5000
Jet,m1227_rm,5000
Jet,m1228_rm,5000
Jet,m1229_rm,5000
Jet,m1230_rm,5000
Jet,m1231_rm,5000
Jet,m1232_rm,5000
Jet,m1233_rm,5000
Jet,m1234_rm,5000
Jet,m1235_rm,5000
Jet,m1236_rm,5000
Jet,m1237_rm,5000
Jet,m1238_rm,5000
Jet,m1239_rm,5000
Jet,m1240_rm,5000
Jet,m1241_rm,5000
Jet,m1242_rm,5000
Jet,m1243_rm,5000
Jet,m1245_rm,5000
Jet,m1246_rm,5000
Jet,m1247_rm,5000
Jet,m1248_rm,5000
Jet,m1249_rm,5000
Jet,m1250_rm,5000
Jet,m1251_rm,5000
Jet,m1252_rm,5000
Jet,m1253_rm,5000
Jet,m1255_rm,5000
Jet,m1256_rm,5000
Jet,m1257_rm,5000
Jet,m1258_rm,5000
Jet,m1259_rm,5000
Jet,m1260_rm,5000
Jet,m1261_rm,5000
Jet,m1262_rm,5000
Jet,m1263_rm,5000
Jet,m1264_rm,5000
Jet,m1265_rm,5000
Jet,m1266_rm,5000
Jet,m1267_rm,5000
Jet,m1268_rm,5000
Jet,m1269_rm,5000
Jet,m1270_rm,5000
Jet,m1271_rm,5000
Jet,m1273_rm,5000
Jet,m1274_rm,5000
Jet,m1275_rm,5000
Jet,m1276_rm,5000
Jet,m1277_rm,5000
Jet,m1278_rm,5000
Jet,m1279_rm,5000
Jet,m1280_rm,5000
Jet,m1281_rm,5000
Jet,m1282_rm,5000
Jet,m1283_rm,5000
Jet,m1284_rm,5000
Jet,m1285_rm,5000
Jet,m1286_rm,5000
Jet,m1287_rm,5000
Jet,m1288_rm,5000
Jet,m1289_rm,5000
Jet,m1290_rm,5000
Jet,m1291_rm,5000
Jet,m1292_rm,5000
Jet,m1293_rm,5000
Jet,m1294_rm,5000
Jet,m1295_rm,5000
Jet,m1296_rm,5000
Jet,m1297_rm,5000
Jet,m1298_rm,5000
Jet,m1299_rm,5000
Jet,m1300_rm,5000
Jet,m1301_rm,5000
Knife,D01015_rm,5000
Knife,D01025_rm,5000
Knife,D01032_rm,5000
Knife,D01051_rm,5000
Knife,D01054_rm,5000
Knife,D01057_rm,5000
Knife,D01063_rm,2465
Knife,D01075_rm,5000
Knife,D01077_rm,5000
Knife,D01107_rm,5000
Knife,D01119_rm,5000
Knife,D01120_rm,5000
Knife,D01132_rm,5000
Knife,D01150_rm,5000
Knife,D01160_rm,5000
Knife,D01168_rm,5000
Knife,D01174_rm,5000
Knife,D01175_rm,5000
Knife,D01187_rm,5000
Knife,D01189_rm,5000
Knife,m722_rm,5000
Knife,m723_rm,5000
Knife,m724_rm,5000
Knife,m725_rm,5000
Knife,m726_rm,5000
Knife,m727_rm,5000
Knife,m728_rm,5000
MilitaryVehicle,D00017_rm,7524
MilitaryVehicle,D00051_rm,5000
MilitaryVehicle,D00100_rm,5000
MilitaryVehicle,D00173_rm,10032
MilitaryVehicle,D00272_rm,5000
MilitaryVehicle,D00334_rm,5000
MilitaryVehicle,D00458_rm,5000
MilitaryVehicle,D00529_rm,5577
MilitaryVehicle,D00577_rm,8707
MilitaryVehicle,D00611_rm,5000
MilitaryVehicle,D00723_rm,7120
MilitaryVehicle,D00761_rm,5000
MilitaryVehicle,D00778_rm,5000
MilitaryVehicle,D00799_rm,5000
MilitaryVehicle,D00801_rm,5000
MilitaryVehicle,D00918_rm,5000
MilitaryVehicle,D00932_rm,5000
MilitaryVehicle,D00933_rm,9173
MilitaryVehicle,D00952_rm,5000
MilitaryVehicle,D00971_rm,5000
Monitor,D00007_rm,5000
Monitor,D00141_rm,5000
Monitor,D00229_rm,5000
Monitor,D00336_rm,5000
Monitor,D00339_rm,5000
Monitor,D00364_rm,5000
Monitor,D00387_rm,5000
Monitor,D00391_rm,5000
Monitor,D00412_rm,5000
Monitor,D00444_rm,5000
Monitor,D00469_rm,5000
Monitor,D00548_rm,5000
Monitor,D00659_rm,5000
Monitor,D00852_rm,5000
Monitor,D00863_rm,5000
Monitor,D00915_rm,4991
Monitor,D00919_rm,5000
Monitor,D00920_rm,5000
Monitor,D00978_rm,5000
Monitor,D01000_rm,5000
Monoplane,D00011_rm,5000
Monoplane,D00019_rm,5000
Monoplane,D00043_rm,5000
Monoplane,D00098_rm,5000
Monoplane,D00167_rm,5000
Monoplane,D00169_rm,5000
Monoplane,D00262_rm,5000
Monoplane,D00301_rm,5000
Monoplane,D00304_rm,5000
Monoplane,D00319_rm,5000
Monoplane,D00402_rm,5000
Monoplane,D00482_rm,5000
Monoplane,D00617_rm,5000
Monoplane,D00688_rm,5000
Monoplane,D00798_rm,5000
Monoplane,D00840_rm,5000
Monoplane,D00864_rm,5000
Monoplane,D00925_rm,5000
Monoplane,D00963_rm,5000
Monoplane,D00995_rm,5000
Motorcycle,D00021_rm,5000
Motorcycle,D00039_rm,5000
Motorcycle,D00054_rm,4984
Motorcycle,D00224_rm,5000
Motorcycle,D00269_rm,5000
Motorcycle,D00288_rm,5000
Motorcycle,D00342_rm,5000
Motorcycle,D00345_rm,5000
Motorcycle,D00395_rm,5000
Motorcycle,D00396_rm,5000
Motorcycle,D00476_rm,5483
Motorcycle,D00521_rm,5000
Motorcycle,D00544_rm,5000
Motorcycle,D00594_rm,5000
Motorcycle,D00703_rm,5000
Motorcycle,D00768_rm,5000
Motorcycle,D00858_rm,5000
Motorcycle,D00880_rm,5000
Motorcycle,D00886_rm,5000
Motorcycle,D00945_rm,5000
Motorcycle,m1479_rm,5000
Motorcycle,m1480_rm,5000
Motorcycle,m1481_rm,5000
Motorcycle,m1482_rm,5000
Motorcycle,m1483_rm,5000
Motorcycle,m1484_rm,5000
Mug,D00172_rm,5000
Mug,D00202_rm,5000
Mug,D00227_rm,5000
Mug,D00321_rm,5000
Mug,D00341_rm,5000
Mug,D00372_rm,5000
Mug,D00427_rm,5000
Mug,D00684_rm,5000
Mug,D00685_rm,5000
Mug,D00705_rm,5000
Mug,D00728_rm,5000
Mug,D00745_rm,5000
Mug,D00747_rm,5000
Mug,D00760_rm,5000
Mug,D00770_rm,5000
Mug,D00825_rm,5000
Mug,D00833_rm,5000
Mug,D00908_rm,5000
Mug,D00913_rm,5000
Mug,D00923_rm,5000
Mug,m503_rm,5000
Mug,m504_rm,5000
Mug,m506_rm,5000
Mug,m507_rm,5000
Mug,m508_rm,5000
Mug,m509_rm,5000
MultiSeat,D00036_rm,5000
MultiSeat,D00046_rm,5000
MultiSeat,D00053_rm,5000
MultiSeat,D00145_rm,5000
MultiSeat,D00146_rm,5000
MultiSeat,D00237_rm,5000
MultiSeat,D00245_rm,5000
MultiSeat,D00263_rm,5000
MultiSeat,D00273_rm,5000
MultiSeat,D00285_rm,5000
MultiSeat,D00289_rm,5000
MultiSeat,D00329_rm,5000
MultiSeat,D00586_rm,5000
MultiSeat,D00588_rm,5000
MultiSeat,D00607_rm,5000
MultiSeat,D00637_rm,5000
MultiSeat,D00648_rm,5000
MultiSeat,D00652_rm,5000
MultiSeat,D00749_rm,5000
MultiSeat,D00985_rm,5000
MultiSeat,m774_rm,5000
MultiSeat,m775_rm,5000
MultiSeat,m776_rm,5000
MultiSeat,m777_rm,5000
MultiSeat,m778_rm,5000
MultiSeat,m779_rm,5000
MultiSeat,m780_rm,5000
MultiSeat,m781_rm,5000
MultiSeat,m782_rm,5000
MultiSeat,m783_rm,4929
MultiSeat,m784_rm,5000
MultiSeat,m829_rm,5000
MultiSeat,m830_rm,5000
MultiSeat,m831_rm,5000
MultiSeat,m832_rm,5000
MultiSeat,m833_rm,5000
MultiSeat,m834_rm,5000
MultiSeat,m835_rm,5000
MultiSeat,m836_rm,5000
MultiSeat,m837_rm,5000
MultiSeat,m838_rm,5000
MultiSeat,m839_rm,5000
MultiSeat,m840_rm,5000
MultiSeat,m841_rm,5000
MultiSeat,m843_rm,5000
Musical_Instrument,m625_rm,5000
Musical_Instrument,m626_rm,5000
Musical_Instrument,m627_rm,5000
Musical_Instrument,m628_rm,5000
Musical_Instrument,m629_rm,5000
Musical_Instrument,m630_rm,5000
Musical_Instrument,m631_rm,5000
Musical_Instrument,m632_rm,5000
Musical_Instrument,m633_rm,4433
Musical_Instrument,m634_rm,5000
Musical_Instrument,m635_rm,5000
Musical_Instrument,m637_rm,5000
Musical_Instrument,m638_rm,5000
Musical_Instrument,m639_rm,5000
Musical_Instrument,m640_rm,5000
Musical_Instrument,m641_rm,5000
Musical_Instrument,m643_rm,5000
Musical_Instrument,m644_rm,5000
Musical_Instrument,m645_rm,5000
Musical_Instrument,m646_rm,5000
Musical_Instrument,m647_rm,5000
NonWheelChair,D00037_rm,5000
NonWheelChair,D00101_rm,5000
NonWheelChair,D00170_rm,5000
NonWheelChair,D00185_rm,5000
NonWheelChair,D00240_rm,5000
NonWheelChair,D00306_rm,5000
NonWheelChair,D00357_rm,5000
NonWheelChair,D00419_rm,5000
NonWheelChair,D00443_rm,5000
NonWheelChair,D00445_rm,5000
NonWheelChair,D00480_rm,5000
NonWheelChair,D00481_rm,5000
NonWheelChair,D00512_rm,5000
NonWheelChair,D00694_rm,5000
NonWheelChair,D00707_rm,5000
NonWheelChair,D00741_rm,5000
NonWheelChair,D00853_rm,5000
NonWheelChair,D00914_rm,5000
NonWheelChair,D00928_rm,5000
NonWheelChair,D00936_rm,5000
NonWheelChair,m785_rm,5000
NonWheelChair,m786_rm,5000
NonWheelChair,m787_rm,5000
NonWheelChair,m788_rm,5000
NonWheelChair,m789_rm,5000
NonWheelChair,m790_rm,5000
NonWheelChair,m791_rm,5000
NonWheelChair,m793_rm,5000
NonWheelChair,m794_rm,5000
NonWheelChair,m795_rm,5000
NonWheelChair,m796_rm,5000
NonWheelChair,m797_rm,5000
NonWheelChair,m798_rm,5000
NonWheelChair,m799_rm,5000
NonWheelChair,m800_rm,5000
NonWheelChair,m801_rm,5000
NonWheelChair,m804_rm,5000
NonWheelChair,m805_rm,5000
NonWheelChair,m806_rm,5000
NonWheelChair,m807_rm,5000
NonWheelChair,m808_rm,5000
NonWheelChair,m809_rm,5000
NonWheelChair,m810_rm,5000
NonWheelChair,m811_rm,5000
NonWheelChair,m812_rm,5000
NonWheelChair,m813_rm,5000
NonWheelChair,m814_rm,5000
NonWheelChair,m815_rm,5000
NonWheelChair,m816_rm,5000
NonWheelChair,m817_rm,5000
NonWheelChair,m818_rm,4956
NonWheelChair,m819_rm,5000
NonWheelChair,m820_rm,5000
NonWheelChair,m821_rm,5000
NonWheelChair,m822_rm,5000
NonWheelChair,m823_rm,5000
NonWheelChair,m824_rm,5000
NonWheelChair,m826_rm,5000
NonWheelChair,m827_rm,5000
NonWheelChair,m828_rm,5000
PianoBoard,D00008_rm,5000
PianoBoard,D00065_rm,5000
PianoBoard,D00075_rm,5000
PianoBoard,D00104_rm,5000
PianoBoard,D00122_rm,5000
PianoBoard,D00181_rm,5000
PianoBoard,D00212_rm,4876
PianoBoard,D00235_rm,4850
PianoBoard,D00253_rm,5000
PianoBoard,D00332_rm,5000
PianoBoard,D00381_rm,5000
PianoBoard,D00441_rm,5000
PianoBoard,D00460_rm,5000
PianoBoard,D00623_rm,5000
PianoBoard,D00718_rm,5000
PianoBoard,D00721_rm,5000
PianoBoard,D00755_rm,5000
PianoBoard,D00885_rm,5000
PianoBoard,D00962_rm,5000
PianoBoard,D00966_rm,5000
PlantIndoors,D00049_rm,13775
PlantIndoors,D00073_rm,7064
PlantIndoors,D00080_rm,61417
PlantIndoors,D00087_rm,5000
PlantIndoors,D00128_rm,13300
PlantIndoors,D00159_rm,15111
PlantIndoors,D00238_rm,7369
PlantIndoors,D00280_rm,5261
PlantIndoors,D00370_rm,6788
PlantIndoors,D00379_rm,6743
PlantIndoors,D00466_rm,5000
PlantIndoors,D00491_rm,11512
PlantIndoors,D00595_rm,12234
PlantIndoors,D00609_rm,5000
PlantIndoors,D00622_rm,7448
PlantIndoors,D00624_rm,9657
PlantIndoors,D00657_rm,5000
PlantIndoors,D00667_rm,5000
PlantIndoors,D00800_rm,10509
PlantIndoors,D00968_rm,5000
PlantIndoors,m1000_rm,13775
PlantIndoors,m1001_rm,7064
PlantIndoors,m1002_rm,6370
PlantIndoors,m1003_rm,6743
PlantIndoors,m1004_rm,10513
PlantIndoors,m1005_rm,16492
PlantIndoors,m1006_rm,8189
PlantIndoors,m1007_rm,6788
PlantIndoors,m1008_rm,5000
PlantIndoors,m1009_rm,5000
PlantIndoors,m1010_rm,5003
PlantIndoors,m1011_rm,5272
PlantIndoors,m1012_rm,5000
PlantIndoors,m1013_rm,5043
PlantIndoors,m1014_rm,12232
PlantIndoors,m1015_rm,5000
PlantIndoors,m1016_rm,5000
PlantIndoors,m1017_rm,7424
PlantIndoors,m1018_rm,9651
PlantIndoors,m1020_rm,7366
PlantIndoors,m1021_rm,5000
PlantIndoors,m1022_rm,5255
PlantIndoors,m1023_rm,5000
PlantIndoors,m1025_rm,5000
PlantIndoors,m1026_rm,5000
PlantIndoors,m1027_rm,5000
PlantIndoors,m1029_rm,5000
PlantIndoors,m1030_rm,5000
PlantIndoors,m1031_rm,5000
PlantIndoors,m1032_rm,5000
PlantIndoors,m1033_rm,5000
PlantIndoors,m1034_rm,5000
PlantIndoors,m1035_rm,5000
PlantIndoors,m1036_rm,5000
PlantIndoors,m989_rm,5000
PlantIndoors,m990_rm,5000
PlantIndoors,m991_rm,5482
PlantIndoors,m992_rm,5000
PlantIndoors,m993_rm,5000
PlantIndoors,m994_rm,5000
PlantIndoors,m995_rm,6864
PlantIndoors,m996_rm,5000
PlantIndoors,m997_rm,5000
PlantIndoors,m998_rm,5000
PlantIndoors,m999_rm,5000
PlantWildNonTree,m1052_rm,5000
PlantWildNonTree,m961_rm,5000
PlantWildNonTree,m962_rm,11192
PlantWildNonTree,m963_rm,9588
PlantWildNonTree,m964_rm,10972
PlantWildNonTree,m965_rm,5786
PlantWildNonTree,m966_rm,7920
PlantWildNonTree,m967_rm,10532
PlantWildNonTree,m968_rm,7488
PlantWildNonTree,m971_rm,5509
PlantWildNonTree,m972_rm,12021
PlantWildNonTree,m973_rm,8098
PlantWildNonTree,m974_rm,5000
PlantWildNonTree,m975_rm,5000
PlantWildNonTree,m976_rm,5000
PlantWildNonTree,m977_rm,5000
PlantWildNonTree,m978_rm,5000
PlantWildNonTree,m979_rm,5000
PlantWildNonTree,m980_rm,5000
PlantWildNonTree,m981_rm,5000
PlantWildNonTree,m982_rm,5000
PlantWildNonTree,m983_rm,5000
PlantWildNonTree,m984_rm,5000
PlantWildNonTree,m985_rm,15621
PlantWildNonTree,m986_rm,5000
PlantWildNonTree,m987_rm,5000
PlantWildNonTree,m988_rm,5000
Quadruped,D00111_rm,5000
Quadruped,D00150_rm,5000
Quadruped,D00218_rm,5000
Quadruped,D00226_rm,5000
Quadruped,D00261_rm,5000
Quadruped,D00326_rm,5000
Quadruped,D00380_rm,5000
Quadruped,D00409_rm,5000
Quadruped,D00508_rm,5000
Quadruped,D00509_rm,5000
Quadruped,D00583_rm,5000
Quadruped,D00663_rm,5000
Quadruped,D00700_rm,5000
Quadruped,D00757_rm,5000
Quadruped,D00794_rm,5000
Quadruped,D00795_rm,6626
Quadruped,D00831_rm,5000
Quadruped,D00841_rm,5000
Quadruped,D00867_rm,5000
Quadruped,D00934_rm,5000
Quadruped,m100_rm,5000
Quadruped,m101_rm,5000
Quadruped,m102_rm,5000
Quadruped,m103_rm,5000
Quadruped,m104_rm,5000
Quadruped,m105_rm,5000
Quadruped,m106_rm,5000
Quadruped,m107_rm,5000
Quadruped,m108_rm,5000
Quadruped,m109_rm,5000
Quadruped,m110_rm,5000
Quadruped,m111_rm,5000
Quadruped,m112_rm,5000
Quadruped,m273_rm,5000
Quadruped,m274_rm,5000
Quadruped,m275_rm,5000
Quadruped,m276_rm,5000
Quadruped,m277_rm,5000
Quadruped,m278_rm,5000
Quadruped,m279_rm,5000
Quadruped,m280_rm,5000
Quadruped,m281_rm,5000
Quadruped,m282_rm,5000
Quadruped,m86_rm,5000
Quadruped,m87_rm,5000
Quadruped,m88_rm,5000
Quadruped,m89_rm,5000
Quadruped,m90_rm,5000
Quadruped,m91_rm,5000
Quadruped,m92_rm,5000
Quadruped,m93_rm,5000
Quadruped,m94_rm,5000
Quadruped,m95_rm,5000
Quadruped,m96_rm,5000
Quadruped,m97_rm,5000
Quadruped,m98_rm,5000
Quadruped,m99_rm,5000
RectangleTable,D00134_rm,5000
RectangleTable,D00187_rm,5000
RectangleTable,D00188_rm,5000
RectangleTable,D00230_rm,5000
RectangleTable,D00243_rm,5000
RectangleTable,D00295_rm,5000
RectangleTable,D00302_rm,5000
RectangleTable,D00317_rm,5000
RectangleTable,D00418_rm,5755
RectangleTable,D00421_rm,5000
RectangleTable,D00505_rm,5000
RectangleTable,D00523_rm,4969
RectangleTable,D00530_rm,5000
RectangleTable,D00571_rm,5000
RectangleTable,D00603_rm,5000
RectangleTable,D00678_rm,5000
RectangleTable,D00714_rm,5000
RectangleTable,D00766_rm,5000
RectangleTable,D00944_rm,5000
RectangleTable,D00954_rm,5000
RectangleTable,m763_rm,5000
RectangleTable,m764_rm,5000
RectangleTable,m765_rm,5000
RectangleTable,m870_rm,5000
RectangleTable,m871_rm,4899
RectangleTable,m872_rm,5000
RectangleTable,m873_rm,5000
RectangleTable,m874_rm,5000
RectangleTable,m875_rm,5000
RectangleTable,m876_rm,5000
RectangleTable,m877_rm,5000
RectangleTable,m878_rm,5000
RectangleTable,m879_rm,5000
RectangleTable,m881_rm,5000
RectangleTable,m882_rm,5000
RectangleTable,m883_rm,5000
RectangleTable,m886_rm,5000
RectangleTable,m887_rm,5000
RectangleTable,m888_rm,4991
RectangleTable,m889_rm,5000
RectangleTable,m890_rm,5000
RectangleTable,m891_rm,5000
RectangleTable,m892_rm,5000
RectangleTable,m893_rm,5000
RectangleTable,m894_rm,5000
RectangleTable,m895_rm,5000
RectangleTable,m896_rm,5000
RectangleTable,m897_rm,5000
RectangleTable,m898_rm,5000
RectangleTable,m901_rm,5000
RectangleTable,m902_rm,5000
RectangleTable,m904_rm,5000
RectangleTable,m905_rm,5000
RectangleTable,m906_rm,5000
RectangleTable,m907_rm,5000
RectangleTable,m908_rm,5000
RectangleTable,m910_rm,4012
RectangleTable,m912_rm,5000
RectangleTable,m913_rm,5000
RectangleTable,m914_rm,5000
RectangleTable,m915_rm,5000
RectangleTable,m917_rm,5000
RectangleTable,m919_rm,5000
RectangleTable,m920_rm,5000
Rocket,D00015_rm,5000
Rocket,D00343_rm,5000
Rocket,D00346_rm,5000
Rocket,D00354_rm,5000
Rocket,D00426_rm,5000
Rocket,D00428_rm,5000
Rocket,D00433_rm,5000
Rocket,D00437_rm,3148
Rocket,D00472_rm,5000
Rocket,D00485_rm,5000
Rocket,D00528_rm,5000
Rocket,D00564_rm,5000
Rocket,D00585_rm,5000
Rocket,D00614_rm,5000
Rocket,D00697_rm,5000
Rocket,D00719_rm,5000
Rocket,D00764_rm,5000
Rocket,D00851_rm,5000
Rocket,D00942_rm,5000
Rocket,D00975_rm,5000
RoundTable,D00083_rm,5000
RoundTable,D00094_rm,5000
RoundTable,D00107_rm,5000
RoundTable,D00194_rm,5000
RoundTable,D00344_rm,5000
RoundTable,D00401_rm,5000
RoundTable,D00407_rm,5000
RoundTable,D00492_rm,5000
RoundTable,D00501_rm,5000
RoundTable,D00503_rm,5000
RoundTable,D00524_rm,5000
RoundTable,D00581_rm,5000
RoundTable,D00646_rm,5000
RoundTable,D00649_rm,5000
RoundTable,D00702_rm,5000
RoundTable,D00756_rm,5000
RoundTable,D00827_rm,5000
RoundTable,D00866_rm,5000
RoundTable,D00909_rm,5000
RoundTable,D00948_rm,5000
RoundTable,m921_rm,5000
RoundTable,m922_rm,5000
RoundTable,m923_rm,5000
RoundTable,m924_rm,5000
RoundTable,m925_rm,5000
RoundTable,m926_rm,5000
RoundTable,m927_rm,5000
RoundTable,m928_rm,5000
RoundTable,m929_rm,5000
RoundTable,m930_rm,5000
RoundTable,m931_rm,5000
RoundTable,m932_rm,5000
RoundTable,m933_rm,5000
RoundTable,m934_rm,5000
RoundTable,m935_rm,4912
RoundTable,m937_rm,5000
RoundTable,m938_rm,5000
Shelf,D00057_rm,5000
Shelf,D00074_rm,5000
Shelf,D00129_rm,5000
Shelf,D00171_rm,5000
Shelf,D00198_rm,5000
Shelf,D00242_rm,5000
Shelf,D00337_rm,2858
Shelf,D00352_rm,5000
Shelf,D00468_rm,5000
Shelf,D00592_rm,5000
Shelf,D00631_rm,5000
Shelf,D00691_rm,5901
Shelf,D00725_rm,5000
Shelf,D00772_rm,5000
Shelf,D00781_rm,5000
Shelf,D00818_rm,5000
Shelf,D00881_rm,593
Shelf,D00887_rm,5000
Shelf,D00917_rm,5000
Shelf,D00956_rm,5000
Shelf,m844_rm,5000
Shelf,m845_rm,5000
Shelf,m846_rm,5000
Shelf,m847_rm,5000
Shelf,m849_rm,5000
Shelf,m850_rm,5000
Shelf,m851_rm,5000
Shelf,m852_rm,5000
Shelf,m853_rm,5000
Shelf,m854_rm,5000
Shelf,m855_rm,5000
Shelf,m856_rm,5000
Shelf,m857_rm,5000
Shelf,m858_rm,5000
Shelf,m859_rm,5000
Shelf,m860_rm,5000
Shelf,m861_rm,5000
Shelf,m862_rm,5000
Shelf,m863_rm,5000
Shelf,m864_rm,5000
Shelf,m865_rm,5000
Shelf,m866_rm,5000
Shelf,m868_rm,5000
Ship,D00027_rm,6209
Ship,D00042_rm,5000
Ship,D00099_rm,5000
Ship,D00175_rm,5000
Ship,D00247_rm,5000
Ship,D00258_rm,5000
Ship,D00292_rm,6222
Ship,D00429_rm,5000
Ship,D00467_rm,5000
Ship,D00539_rm,5000
Ship,D00543_rm,5000
Ship,D00647_rm,5000
Ship,D00771_rm,6839
Ship,D00791_rm,6202
Ship,D00809_rm,5000
Ship,D00837_rm,5000
Ship,D00896_rm,5000
Ship,D00907_rm,5000
Ship,D00935_rm,5000
Ship,D00949_rm,5000
Ship,m1427_rm,5000
Ship,m1428_rm,5000
Ship,m1429_rm,5000
Ship,m1430_rm,5000
Ship,m1431_rm,5000
Ship,m1432_rm,5000
Ship,m1433_rm,5000
Ship,m1434_rm,5000
Ship,m1435_rm,6199
Ship,m1436_rm,5000
Ship,m1437_rm,5000
Ship,m1438_rm,5000
Ship,m1439_rm,5000
Ship,m1440_rm,5000
Ship,m1441_rm,5000
Ship,m1442_rm,5000
Ship,m1444_rm,5000
Ship,m1446_rm,5000
Ship,m1447_rm,5000
Ship,m1448_rm,5000
Ship,m1449_rm,5000
Ship,m1450_rm,5000
Ship,m1451_rm,5000
Ship,m1452_rm,5000
Ship,m1453_rm,5000
Ship,m1454_rm,5000
Ship,m1455_rm,5000
Ship,m1456_rm,5000
Ship,m1457_rm,5000
Ship,m1458_rm,5000
Ship,m1459_rm,5000
Ship,m1460_rm,5000
Ship,m1461_rm,5000
Ship,m1462_rm,5000
Ship,m1463_rm,5000
Ship,m1464_rm,5000
Ship,m1465_rm,5000
Ship,m1466_rm,5000
Ship,m1467_rm,5000
Ship,m1468_rm,5000
Ship,m1469_rm,5000
Ship,m1470_rm,5000
Ship,m1471_rm,5000
Sign,m1670_rm,5000
Sign,m1671_rm,5000
Sign,m1672_rm,5000
Sign,m1673_rm,5000
Sign,m1674_rm,5000
Sign,m1675_rm,5000
Sign,m1676_rm,5000
Sign,m1678_rm,5000
Sign,m1679_rm,5000
Sign,m1680_rm,5000
Sign,m1681_rm,5000
Sign,m1682_rm,5000
Sign,m1683_rm,5000
Sign,m1684_rm,5000
Sign,m1685_rm,5000
Skyscraper,D00006_rm,38452
Skyscraper,D00058_rm,72872
Skyscraper,D00059_rm,5000
Skyscraper,D00105_rm,5000
Skyscraper,D00125_rm,5000
Skyscraper,D00126_rm,17697
Skyscraper,D00130_rm,1782
Skyscraper,D00259_rm,45072
Skyscraper,D00300_rm,5000
Skyscraper,D00520_rm,45266
Skyscraper,D00532_rm,8336
Skyscraper,D00584_rm,8553
Skyscraper,D00589_rm,5000
Skyscraper,D00641_rm,5000
Skyscraper,D00664_rm,5000
Skyscraper,D00729_rm,24680
Skyscraper,D00822_rm,5000
Skyscraper,D00870_rm,29501
Skyscraper,D00872_rm,5000
Skyscraper,D00998_rm,5000
Spoon,D00014_rm,5000
Spoon,D00085_rm,5000
Spoon,D00144_rm,5000
Spoon,D00157_rm,5000
Spoon,D00196_rm,5000
Spoon,D00338_rm,5000
Spoon,D00422_rm,5000
Spoon,D00474_rm,5000
Spoon,D00497_rm,5000
Spoon,D00517_rm,5000
Spoon,D00562_rm,5000
Spoon,D00593_rm,5000
Spoon,D00661_rm,5000
Spoon,D00669_rm,5000
Spoon,D00674_rm,5000
Spoon,D00683_rm,5000
Spoon,D00790_rm,5000
Spoon,D00842_rm,5000
Spoon,D00927_rm,5000
Spoon,D00964_rm,5000
Starship,m1353_rm,5000
Starship,m1354_rm,5000
Starship,m1355_rm,5000
Starship,m1356_rm,5000
Starship,m1357_rm,5000
Starship,m1358_rm,5000
Starship,m1359_rm,5000
Starship,m1360_rm,4913
Starship,m1361_rm,5000
Starship,m1362_rm,5000
Starship,m1364_rm,5000
Starship,m1365_rm,5000
Starship,m1366_rm,5000
Starship,m1368_rm,5000
Starship,m1369_rm,5000
Starship,m1370_rm,5000
Starship,m1371_rm,5000
Starship,m1372_rm,5000
Starship,m1373_rm,5000
Starship,m1374_rm,5000
Starship,m1375_rm,5000
Starship,m1376_rm,5000
Starship,m1378_rm,5000
Starship,m1379_rm,5000
Starship,m1380_rm,5000
Starship,m1381_rm,5000
Starship,m1382_rm,5000
Starship,m1383_rm,5000
Starship,m1384_rm,5000
Starship,m1385_rm,5000
Starship,m1386_rm,5000
SubmachineGun,D00052_rm,5000
SubmachineGun,D00060_rm,5000
SubmachineGun,D00062_rm,5000
SubmachineGun,D00064_rm,9845
SubmachineGun,D00068_rm,5000
SubmachineGun,D00119_rm,5000
SubmachineGun,D00219_rm,5000
SubmachineGun,D00256_rm,5000
SubmachineGun,D00371_rm,5000
SubmachineGun,D00384_rm,5000
SubmachineGun,D00431_rm,5000
SubmachineGun,D00459_rm,5000
SubmachineGun,D00489_rm,5000
SubmachineGun,D00537_rm,5000
SubmachineGun,D00613_rm,3322
SubmachineGun,D00733_rm,5000
SubmachineGun,D00878_rm,5000
SubmachineGun,D00893_rm,5000
SubmachineGun,D00960_rm,5000
SubmachineGun,D00970_rm,5000
Sword,D00066_rm,5000
Sword,D00071_rm,5000
Sword,D00133_rm,5000
Sword,D00149_rm,5000
Sword,D00162_rm,5000
Sword,D00177_rm,5000
Sword,D00195_rm,5000
Sword,D00249_rm,5000
Sword,D00356_rm,5000
Sword,D00484_rm,5000
Sword,D00513_rm,5000
Sword,D00540_rm,5000
Sword,D00635_rm,5000
Sword,D00712_rm,5000
Sword,D00807_rm,5000
Sword,D00808_rm,5000
Sword,D00812_rm,5000
Sword,D00906_rm,5000
Sword,D00916_rm,5000
Sword,D00992_rm,5000
Sword,m687_rm,5000
Sword,m688_rm,5000
Sword,m689_rm,5000
Sword,m690_rm,5000
Sword,m691_rm,5000
Sword,m692_rm,5000
Sword,m693_rm,5000
Sword,m694_rm,4971
Sword,m695_rm,5000
Sword,m696_rm,5000
Sword,m697_rm,5000
Sword,m698_rm,5000
Sword,m699_rm,5000
Sword,m700_rm,5000
Sword,m701_rm,5000
Sword,m702_rm,5000
Sword,m703_rm,5000
Sword,m704_rm,5000
Sword,m705_rm,5000
Sword,m707_rm,5000
Sword,m709_rm,5000
Sword,m710_rm,5000
Sword,m711_rm,5000
Sword,m712_rm,5000
Sword,m713_rm,5000
Sword,m714_rm,5000
Sword,m715_rm,5000
Sword,m716_rm,5000
Sword,m717_rm,5000
Sword,m718_rm,5000
Sword,m719_rm,5000
Sword,m720_rm,5000
Sword,m721_rm,5000
Tool,D01003_rm,5000
Tool,D01012_rm,5000
Tool,D01040_rm,5000
Tool,D01044_rm,5000
Tool,D01069_rm,5000
Tool,D01084_rm,5000
Tool,D01086_rm,5000
Tool,D01111_rm,5000
Tool,D01113_rm,5000
Tool,D01127_rm,5000
Tool,D01131_rm,5000
Tool,D01140_rm,5000
Tool,D01142_rm,5000
Tool,D01148_rm,5000
Tool,D01152_rm,5000
Tool,D01154_rm,5000
Tool,D01156_rm,5000
Tool,D01159_rm,5000
Tool,D01165_rm,5000
Tool,D01176_rm,5000
Tool,m1099_rm,5000
Tool,m1100_rm,5000
Tool,m1101_rm,5000
Tool,m1102_rm,5000
Tool,m1103_rm,5000
Tool,m1104_rm,5000
Tool,m1105_rm,5000
Tool,m1106_rm,3966
Tool,m1107_rm,5000
Tool,m1108_rm,5000
Tool,m1109_rm,5000
Tool,m1110_rm,5000
Tool,m1111_rm,5000
Tool,m1112_rm,5000
Tool,m1113_rm,5000
Tool,m1114_rm,2944
Tool,m1115_rm,5000
Tool,m1116_rm,5000
Tool,m1117_rm,5000
Tool,m587_rm,5000
Tool,m588_rm,5000
Tool,m589_rm,5000
Tool,m590_rm,5000
Tool,m591_rm,5000
Train,D01008_rm,5000
Train,D01014_rm,6973
Train,D01016_rm,5522
Train,D01027_rm,6016
Train,D01031_rm,5000
Train,D01035_rm,5000
Train,D01047_rm,5000
Train,D01055_rm,5000
Train,D01059_rm,5000
Train,D01061_rm,4710
Train,D01064_rm,5000
Train,D01089_rm,5000
Train,D01094_rm,5000
Train,D01095_rm,5000
Train,D01134_rm,5000
Train,D01137_rm,5000
Train,D01147_rm,5000
Train,D01149_rm,5909
Train,D01163_rm,5000
Train,D01180_rm,5084
Train,m1578_rm,5000
Train,m1580_rm,5000
Train,m1581_rm,5000
Train,m1582_rm,5000
Train,m1583_rm,5000
Train,m1584_rm,5000
Train,m1585_rm,5000
Train,m1586_rm,5000
Train,m1587_rm,5000
Train,m1588_rm,5000
Tree,D00096_rm,39227
Tree,D00200_rm,18729
Tree,D00221_rm,36186
Tree,D00223_rm,43199
Tree,D00367_rm,5000
Tree,D00385_rm,11892
Tree,D00393_rm,11546
Tree,D00439_rm,28625
Tree,D00456_rm,5000
Tree,D00479_rm,15008
Tree,D00533_rm,30643
Tree,D00573_rm,15896
Tree,D00612_rm,11095
Tree,D00727_rm,24333
Tree,D00765_rm,21390
Tree,D00777_rm,20095
Tree,D00810_rm,7911
Tree,D00834_rm,44293
Tree,D00911_rm,15495
Tree,D00996_rm,18887
Tree,m1050_rm,5319
Tree,m1062_rm,5000
Tree,m1063_rm,5000
Tree,m1064_rm,5000
Tree,m1065_rm,6030
Tree,m1066_rm,5000
Tree,m1067_rm,5000
Tree,m1068_rm,5000
Tree,m1069_rm,18024
Tree,m1070_rm,5000
Tree,m1071_rm,5000
Tree,m1072_rm,5000
Tree,m1075_rm,5000
Tree,m1077_rm,5000
Tree,m1078_rm,5000
Tree,m1079_rm,5000
Tree,m1082_rm,5000
Tree,m1086_rm,5385
Tree,m1089_rm,5000
Tree,m1090_rm,5000
Tree,m1091_rm,5000
Tree,m1092_rm,5000
Tree,m1093_rm,5000
Tree,m1095_rm,5000
Tree,m1096_rm,5000
Tree,m1097_rm,5000
Tree,m1098_rm,5792
Truck,D00002_rm,5000
Truck,D00003_rm,5000
Truck,D00010_rm,5000
Truck,D00029_rm,5613
Truck,D00047_rm,4994
Truck,D00056_rm,5000
Truck,D00112_rm,5000
Truck,D00158_rm,5000
Truck,D00241_rm,5000
Truck,D00287_rm,5000
Truck,D00303_rm,5000
Truck,D00331_rm,5000
Truck,D00406_rm,5000
Truck,D00424_rm,5000
Truck,D00518_rm,5000
Truck,D00804_rm,5000
Truck,D00835_rm,5727
Truck,D00926_rm,5000
Truck,D00947_rm,5000
Truck,D00987_rm,6674
Truck,m1570_rm,5000
Truck,m1571_rm,5000
Truck,m1572_rm,5000
Truck,m1573_rm,5000
Truck,m1574_rm,5000
Truck,m1575_rm,5000
Truck,m1576_rm,5000
TruckNonContainer,D00055_rm,5000
TruckNonContainer,D00143_rm,5000
TruckNonContainer,D00148_rm,5000
TruckNonContainer,D00215_rm,5000
TruckNonContainer,D00252_rm,5000
TruckNonContainer,D00266_rm,5000
TruckNonContainer,D00267_rm,5000
TruckNonContainer,D00275_rm,5000
TruckNonContainer,D00283_rm,5000
TruckNonContainer,D00353_rm,5000
TruckNonContainer,D00553_rm,5000
TruckNonContainer,D00572_rm,5000
TruckNonContainer,D00608_rm,5000
TruckNonContainer,D00619_rm,5000
TruckNonContainer,D00699_rm,5000
TruckNonContainer,D00731_rm,5000
TruckNonContainer,D00737_rm,5000
TruckNonContainer,D00783_rm,5000
TruckNonContainer,D00879_rm,5000
TruckNonContainer,D00943_rm,5000
Vase,m527_rm,5000
Vase,m528_rm,5000
Vase,m529_rm,5000
Vase,m531_rm,5000
Vase,m532_rm,5000
Vase,m533_rm,5000
Vase,m534_rm,5000
Vase,m535_rm,5000
Vase,m536_rm,5000
Vase,m537_rm,5000
Vase,m538_rm,5000
Vase,m539_rm,5000
Vase,m540_rm,5000
Vase,m541_rm,5000
Vase,m542_rm,5000
Vase,m543_rm,5000
Vase,m544_rm,5000
Vase,m545_rm,5000
Violin,D00108_rm,5000
Violin,D00216_rm,5000
Violin,D00250_rm,5000
Violin,D00324_rm,5000
Violin,D00340_rm,5000
Violin,D00349_rm,5000
Violin,D00358_rm,5000
Violin,D00376_rm,5000
Violin,D00506_rm,5000
Violin,D00570_rm,5000
Violin,D00598_rm,5000
Violin,D00602_rm,5000
Violin,D00620_rm,5000
Violin,D00675_rm,5000
Violin,D00701_rm,5000
Violin,D00704_rm,5000
Violin,D00743_rm,5000
Violin,D00891_rm,5000
Violin,D00898_rm,5000
Violin,D00993_rm,5000
Wheel,m733_rm,5000
Wheel,m734_rm,5000
Wheel,m735_rm,5000
Wheel,m736_rm,4919
Wheel,m737_rm,5000
Wheel,m738_rm,5000
Wheel,m739_rm,14062
Wheel,m740_rm,5000
Wheel,m741_rm,5000
Wheel,m742_rm,5000
Wheel,m743_rm,5000
Wheel,m744_rm,5000
Wheel,m745_rm,5000
Wheel,m746_rm,5000
Wheel,m747_rm,5000
Wheel,m748_rm,5000
Wheel,m749_rm,5000
WheelChair,D00004_rm,5000
WheelChair,D00070_rm,5000
WheelChair,D00088_rm,5000
WheelChair,D00183_rm,5000
WheelChair,D00203_rm,5000
WheelChair,D00274_rm,5000
WheelChair,D00290_rm,5000
WheelChair,D00365_rm,5000
WheelChair,D00394_rm,5000
WheelChair,D00449_rm,5000
WheelChair,D00453_rm,5000
WheelChair,D00499_rm,5000
WheelChair,D00526_rm,5000
WheelChair,D00604_rm,5000
WheelChair,D00628_rm,5000
WheelChair,D00687_rm,5000
WheelChair,D00720_rm,5351
WheelChair,D00782_rm,5000
WheelChair,D00821_rm,5000
WheelChair,D00846_rm,5000
